file,reason
100.png,"No matching item by name/description"
142.png,"No matching item by name/description"
"2 5LT CLAMATO.png","No matching item by name/description"
353.png,"No matching item by name/description"
98.png,"No matching item by name/description"
"ACE CACAHUATE TO.png","No matching item by name/description"
"ACE OLIVA INES.png","No matching item by name/description"
"ACEITE  SABROSANO.png","No matching item by name/description"
"ACEITE AJON LT.png","No matching item by name/description"
"ACEITE AVE 10LT.png","No matching item by name/description"
"ACEITE AVE B.png","No matching item by name/description"
"ACEITE BIDON.png","No matching item by name/description"
"ACEITE C.png","No matching item by name/description"
"ACEITE CANOIL CJ.png","No matching item by name/description"
"ACEITE CANOIL LT.png","No matching item by name/description"
"ACEITE CARBONELL .png","No matching item by name/description"
"ACEITE COCO INES.png","No matching item by name/description"
"ACEITE COCO.png","No matching item by name/description"
"ACEITE CRIST CJ.png","No matching item by name/description"
"ACEITE CRISTAL  20LT.png","No matching item by name/description"
"ACEITE GAL.png","No matching item by name/description"
"ACEITE GLORIA.png","No matching item by name/description"
"ACEITE OLI 750ML.png","No matching item by name/description"
"ACEITE PAM CANOL.png","No matching item by name/description"
"ACEITE PAM MANTE.png","No matching item by name/description"
"ACEITE SABROSANO 315ML.png","No matching item by name/description"
"ACEITE SOYA BID.png","No matching item by name/description"
"ACEITUNA C_QUESO.png","No matching item by name/description"
"ACEITUNA NEGRA S.png","No matching item by name/description"
"ACEITUNA NEGRA.png","No matching item by name/description"
"ACEITUNA S_HUESO.png","No matching item by name/description"
"ACHIOTE 1KG.png","No matching item by name/description"
"ACIDO ASCORBICO.png","No matching item by name/description"
"ADEREZO ITALIANO.png","No matching item by name/description"
AGAR-AGAR.png,"No matching item by name/description"
"AGITADOR MADERA.png","No matching item by name/description"
"AGUA CIEL CJ.png","No matching item by name/description"
"AGUA CIEL.png","No matching item by name/description"
AGUACATE.png,"No matching item by name/description"
"AHUMADA SAL.png","No matching item by name/description"
"AJO B.png","No matching item by name/description"
"AJO GRANULADO.png","No matching item by name/description"
"AJO HOJUELA.png","No matching item by name/description"
"AJO NEGRO BOLSA.png","No matching item by name/description"
"AJO NEGRO.png","No matching item by name/description"
"AJO PICADO.png","No matching item by name/description"
"AJO POLV CATA.png","No matching item by name/description"
"AJO SHALLOT.png","No matching item by name/description"
AJO.png,"No matching item by name/description"
"AJONJOLI M.png","No matching item by name/description"
"ALBAHACA MORADA.png","No matching item by name/description"
ALCAHOFA.png,"No matching item by name/description"
"ALCAPARRA 120GR.png","No matching item by name/description"
"ALCOHOL SOLI 250.png","No matching item by name/description"
"ALDILLA CERDO.png","No matching item by name/description"
"ALL BRAN CEREAL.png","No matching item by name/description"
"ALMENDRA FIL.png","No matching item by name/description"
"ALMENDRA MOL.png","No matching item by name/description"
"ALUBIA PQ.png","No matching item by name/description"
AMPER.png,"No matching item by name/description"
"AMSTEL 355ML.png","No matching item by name/description"
"ANIMALITO GALLE.png","No matching item by name/description"
"ANÍS VERDE.png","No matching item by name/description"
"APIO L.png","No matching item by name/description"
"ARANDANO CON CHILE.png","No matching item by name/description"
"ARBOL TOS 100.png","No matching item by name/description"
"AROMA GLADE.png","No matching item by name/description"
"ARROZ MOLIDO.png","No matching item by name/description"
"ARROZ PRECOCIDO.png","No matching item by name/description"
"ARROZ PROGRESO 500GR.png","No matching item by name/description"
"ARROZ PROGRESO.png","No matching item by name/description"
"ARROZ VDE VALLE.png","No matching item by name/description"
"ATE TEJ.png","No matching item by name/description"
"ATUN ACEITE.png","No matching item by name/description"
"ATUN AGUA.png","No matching item by name/description"
"ATUN NAIR 130GR.png","No matching item by name/description"
"AVELLANA PEL.png","No matching item by name/description"
"AVENA MOLIDA.png","No matching item by name/description"
"AXION LIQ.png","No matching item by name/description"
"AZUCAR ISOMALT.png","No matching item by name/description"
"AZUCAR MASCABADO 2K.png","No matching item by name/description"
"AZUCAR MASCABADO 500GR.png","No matching item by name/description"
"AZUCAR MASCABADO SOBRES.png","No matching item by name/description"
"AZUCAR ZULKA.png","No matching item by name/description"
AZUCAR.png,"No matching item by name/description"
BAGUETTE.png,"No matching item by name/description"
"BARRITAS FRESA.png","No matching item by name/description"
"BENSON MENTOLADO.png","No matching item by name/description"
"BERRY BLUE.png","No matching item by name/description"
"BETABEL MJO CH.png","No matching item by name/description"
"BETABEL T.png","No matching item by name/description"
BIO4.png,"No matching item by name/description"
BIZNAGA.png,"No matching item by name/description"
"BLONDA BCA 12.png","No matching item by name/description"
"BLONDA BCA 14 .png","No matching item by name/description"
"BLONDA BCA 16.png","No matching item by name/description"
"BLUE BERRY BOTE.png","No matching item by name/description"
"BOHEMIA CLARA.png","No matching item by name/description"
"BOHEMIA OBSCURA.png","No matching item by name/description"
"BOING GUAYABA .png","No matching item by name/description"
"BOLILLO MINI PZ.png","No matching item by name/description"
"BOLILLO MINI S.png","No matching item by name/description"
"BOLILLO SALADO.png","No matching item by name/description"
"BOMBON CHOCO.png","No matching item by name/description"
"BOMBON GDE.png","No matching item by name/description"
"BOMBON MINI.png","No matching item by name/description"
"BOTA DE HULE.png","No matching item by name/description"
"BOTE 1LT.png","No matching item by name/description"
"BOTE 1_4LT.png","No matching item by name/description"
"BOTE 2LT.png","No matching item by name/description"
"BOTE DE 1_2LT.png","No matching item by name/description"
"BOTELLA PET 12L .png","No matching item by name/description"
"BOTELLA PET 1LT.png","No matching item by name/description"
"BROCO FLORE 454G.png","No matching item by name/description"
"BROCOLI MR LUCKY.png","No matching item by name/description"
"BROCOLI TALLO.png","No matching item by name/description"
"BROWNIE HARINA.png","No matching item by name/description"
"C RABO CEBOLLA.png","No matching item by name/description"
"CACAHUATE COMAL.png","No matching item by name/description"
"CACAHUATE GRANIL.png","No matching item by name/description"
"CACAHUATE JAPONE.png","No matching item by name/description"
"CACAHUATE TOSTAD.png","No matching item by name/description"
"CACAHUATE TRITURADO.png","No matching item by name/description"
CACAHUATE.png,"No matching item by name/description"
"CACAO MOLIDO.png","No matching item by name/description"
"CAFE DECAF.png","No matching item by name/description"
"CAFE PUNTA CIELO.png","No matching item by name/description"
"CAJA BERENJENA.png","No matching item by name/description"
"CAJA PLAST 54LT.png","No matching item by name/description"
"CAJA PLAST 68LT.png","No matching item by name/description"
"CAJETA DE MEMBRI.png","No matching item by name/description"
"CAJETA FRASCO.png","No matching item by name/description"
"CAJETA Q.png","No matching item by name/description"
"CALABAZA DE CAST.png","No matching item by name/description"
"CALABAZA ESTRELLA.png","No matching item by name/description"
"CALABAZA ITAL.png","No matching item by name/description"
"CALAHUA COCONUT.png","No matching item by name/description"
"CALAHUA LA ORI.png","No matching item by name/description"
"CALDO RES.png","No matching item by name/description"
"CALENDULA FLOR.png","No matching item by name/description"
"CAMARON MOLIDO.png","No matching item by name/description"
"CAMARON SECO MED.png","No matching item by name/description"
"CAMB CEBOLLA .png","No matching item by name/description"
"CAMB CEBOLLA.png","No matching item by name/description"
"CANELA FCO.png","No matching item by name/description"
"CARDAMOMO KG.png","No matching item by name/description"
"CARDAMOMO MOL.png","No matching item by name/description"
"CARLOS V SEMI.png","No matching item by name/description"
"CARLOS V.png","No matching item by name/description"
"CARNE CERD.png","No matching item by name/description"
"CARNE DESEBRAR.png","No matching item by name/description"
"CARNE MOLIDA CER .png","No matching item by name/description"
"CART 7 CHAROLA.png","No matching item by name/description"
"CARTA BCA CAGUA.png","No matching item by name/description"
CATCHOW.png,"No matching item by name/description"
"CATSUP BOLSA.png","No matching item by name/description"
"CATSUP GAL.png","No matching item by name/description"
"CATSUP HEINZ POR.png","No matching item by name/description"
"CATULES CANELS.png","No matching item by name/description"
"CEBADA 500GR.png","No matching item by name/description"
"CEBADA PO.png","No matching item by name/description"
"CEBOLLA AMARILLA.png","No matching item by name/description"
"CEBOLLA BCA.png","No matching item by name/description"
"CEBOLLA CAM T .png","No matching item by name/description"
"CEBOLLA MOR.png","No matching item by name/description"
"CEPILLO ALAMBRE.png","No matching item by name/description"
"CEPILLO DENTAL.png","No matching item by name/description"
"CERE ESTELLITA A.png","No matching item by name/description"
"CEREAL 200GR.png","No matching item by name/description"
"CEREAL AROS AVEN.png","No matching item by name/description"
"CEREAL CHOCORROZ.png","No matching item by name/description"
"CEREAL EXTRA.png","No matching item by name/description"
"CEREAL FRUTI.png","No matching item by name/description"
"CEREAL NESQUIK.png","No matching item by name/description"
"CEREAL QUAKER.png","No matching item by name/description"
"CERO CORONA.png","No matching item by name/description"
"CERVEZA INDIO CH.png","No matching item by name/description"
"CH JALAPEÑO ROJO.png","No matching item by name/description"
"CH YAHUALICA SIN.png","No matching item by name/description"
"CHABACANO DESHI.png","No matching item by name/description"
"CHAMPI PORT.png","No matching item by name/description"
"CHAMPIÑON CJA.png","No matching item by name/description"
"CHAMPIÑON CREMI CAR.png","No matching item by name/description"
"CHAMPIÑON LATA.png","No matching item by name/description"
"CHAMPIÑON P.png","No matching item by name/description"
"CHAMPIÑON REB.png","No matching item by name/description"
"CHAROLA REC 12.png","No matching item by name/description"
"CHAYOTE PAΡΑ.png","No matching item by name/description"
"CHERRY COLORES.png","No matching item by name/description"
"CHICHARO C.png","No matching item by name/description"
"CHICHARO SECO.png","No matching item by name/description"
"CHICHARRON BOTA.png","No matching item by name/description"
"CHICHARRON DURO.png","No matching item by name/description"
"CHICHARRON PRENS.png","No matching item by name/description"
"CHILE ARB YAHUAL.png","No matching item by name/description"
"CHILE CALIFORNIA.png","No matching item by name/description"
"CHILE CALORO E.png","No matching item by name/description"
"CHILE CALORO.png","No matching item by name/description"
"CHILE CHILACATE.png","No matching item by name/description"
"CHILE CHIPOTLE.png","No matching item by name/description"
"CHILE G.png","No matching item by name/description"
"CHILE HUNGARO.png","No matching item by name/description"
"CHILE J LATA.png","No matching item by name/description"
"CHILE JAPONES.png","No matching item by name/description"
"CHILE MULATO.png","No matching item by name/description"
"CHILE POBLANO.png","No matching item by name/description"
"CHILE PUYA.png","No matching item by name/description"
"CHILE SERRANO SE.png","No matching item by name/description"
"CHILE TAJIN CH.png","No matching item by name/description"
"CHILE YAHUA MOLI.png","No matching item by name/description"
CHILORIO.png,"No matching item by name/description"
CHILPETIN.png,"No matching item by name/description"
"CHIPOTLE ADOB.png","No matching item by name/description"
"CHIPOTLE LAT 380.png","No matching item by name/description"
"CHISPAS DE CH.png","No matching item by name/description"
"CHOCO AMARGO T.png","No matching item by name/description"
"CHOCO BCO CHISPA.png","No matching item by name/description"
"CHOCO KRISPIS.png","No matching item by name/description"
"CHOCO MILK.png","No matching item by name/description"
"CHOCOLATE ABUELI.png","No matching item by name/description"
"CHOCOLATE ALPEZZ.png","No matching item by name/description"
"CHOCOLATE BOCAD.png","No matching item by name/description"
"CHOCOLATE KISSES.png","No matching item by name/description"
"CHOCOLATE OBS.png","No matching item by name/description"
"CHOCOLATE POLVO.png","No matching item by name/description"
"CHOCOLATE T.png","No matching item by name/description"
"CHOCOMILK MORELI.png","No matching item by name/description"
"CHORIZO CORO.png","No matching item by name/description"
"CHULETA AHU.png","No matching item by name/description"
"CINTA AISLANTE.png","No matching item by name/description"
"CINTA ANTIDERRA.png","No matching item by name/description"
"CIRUELA CONGELAD.png","No matching item by name/description"
"CLARA HUEVO.png","No matching item by name/description"
"CLORO 500ML.png","No matching item by name/description"
"CLORO CJ.png","No matching item by name/description"
"CLORO GEL.png","No matching item by name/description"
"COCA COLA 2LT.png","No matching item by name/description"
"COCA COLA LIGH P.png","No matching item by name/description"
"COCA COLA SIAZUC.png","No matching item by name/description"
"COCA COLA SURT.png","No matching item by name/description"
"COCA COLA S_A.png","No matching item by name/description"
"COCHINITA PIBIL.png","No matching item by name/description"
"COCIDO RES.png","No matching item by name/description"
COCO.png,"No matching item by name/description"
"COCOA BLACK.png","No matching item by name/description"
"COCTEL D FRUTAS.png","No matching item by name/description"
"COFFE MATE 1.2KG.png","No matching item by name/description"
"COL BR.png","No matching item by name/description"
"COLIFLOR FLORETE.png","No matching item by name/description"
"COLIFLOR KG.png","No matching item by name/description"
"COLORAN VDE GEL.png","No matching item by name/description"
"COLORANTE AMA.png","No matching item by name/description"
"COLORANTE MORADO.png","No matching item by name/description"
"COLORANTE VERDE.png","No matching item by name/description"
"CONCE TAMARINDO.png","No matching item by name/description"
"CONCEN YUKA JAMA.png","No matching item by name/description"
"CONCEN YUKA.png","No matching item by name/description"
"CONCENTRADO F D.png","No matching item by name/description"
"CONCENTRADO F-DI T.png","No matching item by name/description"
"CONCENTRADO FRES.png","No matching item by name/description"
"CONCENTRADO NARA.png","No matching item by name/description"
"CONCENTRADO TAMA.png","No matching item by name/description"
"CONCENTRADO YUT.png","No matching item by name/description"
"CONO D PAPEL CJ.png","No matching item by name/description"
"CONSO TOMATE.png","No matching item by name/description"
CONSOMATE.png,"No matching item by name/description"
"CONSOME CUCU.png","No matching item by name/description"
"CONSOME KNORR.png","No matching item by name/description"
"CONSOME TOMATE CONTE.png","No matching item by name/description"
"CONTE 6.png","No matching item by name/description"
"CONTE 7 7 LISO.png","No matching item by name/description"
"CONTE 8_8 BIO.png","No matching item by name/description"
"CONTE P_HOTDOG.png","No matching item by name/description"
"CORANA LIGHT LAT.png","No matching item by name/description"
"CORAZON BABY.png","No matching item by name/description"
"CORAZON D ALCACH.png","No matching item by name/description"
"CORDAMOMO PZ.png","No matching item by name/description"
"CORN POPS.png","No matching item by name/description"
"CORONA 1_4 OBSCU.png","No matching item by name/description"
"CORONA CLARA.png","No matching item by name/description"
"CORONA TOCINO.png","No matching item by name/description"
COTTONELLE.png,"No matching item by name/description"
"COUS COUS.png","No matching item by name/description"
"CREMA ACIDA.png","No matching item by name/description"
"CREMA BETERCREME N.png","No matching item by name/description"
"CREMA CANA QUESO.png","No matching item by name/description"
"CREMA CHANTI CJ.png","No matching item by name/description"
"CREMA CORPORAL.png","No matching item by name/description"
"CREMA F.png","No matching item by name/description"
"CREMA RICHS.png","No matching item by name/description"
"CREMA S ROJO LT.png","No matching item by name/description"
"CREMA S.png","No matching item by name/description"
"CREMA TOPPING.png","No matching item by name/description"
CREMA.png,"No matching item by name/description"
"CRIOLLO CILANTRO.png","No matching item by name/description"
"CRIS 1L VAINILLA.png","No matching item by name/description"
"CRISTA VAINILLA.png","No matching item by name/description"
"CSAL CHICHARO.png","No matching item by name/description"
"CUCHARA CAFETERA.png","No matching item by name/description"
"CUCHARA MED.png","No matching item by name/description"
"CUCHARA NEGRA.png","No matching item by name/description"
"CUCHARA PASTELER.png","No matching item by name/description"
"CUCHARA SALSERA.png","No matching item by name/description"
"CUCHARA SOPERA.png","No matching item by name/description"
CUCHILLAS.png,"No matching item by name/description"
"CURCUMA FRESCA.png","No matching item by name/description"
"CURRY AMARILLO.png","No matching item by name/description"
"Champiñón botón.png","No matching item by name/description"
"Chile habanero naranja.png","No matching item by name/description"
"Chile jalapeño.png","No matching item by name/description"
"D 3PZ CORAZON.png","No matching item by name/description"
"D CODORNIZ HUEVO.png","No matching item by name/description"
"DATIL SIN HUESO.png","No matching item by name/description"
"DE AJONJO ACEITE.png","No matching item by name/description"
"DEDO DE QUESO.png","No matching item by name/description"
DEMI.png,"No matching item by name/description"
"DEMIGLACE KNORR.png","No matching item by name/description"
"DESHIDRA DURAZNO.png","No matching item by name/description"
"DESINFECTANTE M.png","No matching item by name/description"
DESODORANTE.png,"No matching item by name/description"
DESPENSA.png,"No matching item by name/description"
"DETERGENTE MAS C.png","No matching item by name/description"
"DIABLO BODEGUERO.png","No matching item by name/description"
DIEZMILLO.png,"No matching item by name/description"
DOGCHOW.png,"No matching item by name/description"
"DONITA WIPO.png","No matching item by name/description"
"DOSIFICADOR 1LT.png","No matching item by name/description"
DOSIFICADOR.png,"No matching item by name/description"
"DOÑA MARIA MOLE.png","No matching item by name/description"
DRAGONZITOS.png,"No matching item by name/description"
"DULCE LECHE.png","No matching item by name/description"
"DULCE SURTIDO.png","No matching item by name/description"
"DULCES V.png","No matching item by name/description"
"DURAZNO EN AL.png","No matching item by name/description"
DUVALIN.png,"No matching item by name/description"
"EGG ROLL.png","No matching item by name/description"
"ELECTROLIT COCO.png","No matching item by name/description"
"ELECTROLIT FRESA.png","No matching item by name/description"
"ELECTROLIT KIWI.png","No matching item by name/description"
"ELECTROLIT LIMA.png","No matching item by name/description"
"ELECTROLIT MANZA.png","No matching item by name/description"
"ELECTROLIT MORA.png","No matching item by name/description"
"ELECTROLIT UVA.png","No matching item by name/description"
ELECTROLIT.png,"No matching item by name/description"
"ELOTE C.png","No matching item by name/description"
"ELOTE ENTERO CON.png","No matching item by name/description"
"ELOTITOS TIERNOS.png","No matching item by name/description"
"EMBASA CATSUP.png","No matching item by name/description"
"ENSALADA COL RAY.png","No matching item by name/description"
"ENSALADA ITALIAN.png","No matching item by name/description"
"ENSALADA LEGUMBR.png","No matching item by name/description"
"ENSALADA VERDURA L.png","No matching item by name/description"
"ENSALADERA DART.png","No matching item by name/description"
"ENSALADERA F17.png","No matching item by name/description"
"ENVASE TER 1_2LT.png","No matching item by name/description"
ENVIDIAS.png,"No matching item by name/description"
"ENVOLTURA D PLAS.png","No matching item by name/description"
ESCARCHADOR.png,"No matching item by name/description"
"ESENCIA AZAHAR.png","No matching item by name/description"
"ESENCIA COCO.png","No matching item by name/description"
"ESENCIA NUEZ.png","No matching item by name/description"
"ESPAGUETTI BARI.png","No matching item by name/description"
ESPALDILLA.png,"No matching item by name/description"
ESPARRAGOS.png,"No matching item by name/description"
"ESPINACA CONGE.png","No matching item by name/description"
"ESTRELLA D 1_2.png","No matching item by name/description"
EXTENSION.png,"No matching item by name/description"
"Elote blanco.png","No matching item by name/description"
"FABULOSO CAJA.png","No matching item by name/description"
FABULOSO.png,"No matching item by name/description"
"FALDA RES.png","No matching item by name/description"
"FASTA RUEDA.png","No matching item by name/description"
"FECULA MAIZ.png","No matching item by name/description"
"FECULA PAΡΑ.png","No matching item by name/description"
FETUCCINNI.png,"No matching item by name/description"
"FIBRA ESPONJA.png","No matching item by name/description"
"FIBRA METALICA.png","No matching item by name/description"
"FIBRA NEGRA.png","No matching item by name/description"
"FIBRA VERDE.png","No matching item by name/description"
"FIDEO ARROZ.png","No matching item by name/description"
"FILETE DE PESCAD.png","No matching item by name/description"
"FLORES COMESTIBL.png","No matching item by name/description"
"FOCA 4LT.png","No matching item by name/description"
FOCO.png,"No matching item by name/description"
FOLLAJE.png,"No matching item by name/description"
"FRAMBUESA BURB.png","No matching item by name/description"
"FRESA B.png","No matching item by name/description"
FRESA.png,"No matching item by name/description"
"FRIJ FLOR D JUN.png","No matching item by name/description"
"FRIJOL C.png","No matching item by name/description"
"FRIJOL PERUANO B.png","No matching item by name/description"
"FRIJOL PERUANO V.png","No matching item by name/description"
"FRIJOL PINTO VDE.png","No matching item by name/description"
"FRIJOL PINTO.png","No matching item by name/description"
"FRIJOL PREPARADO.png","No matching item by name/description"
"FRIJOLES ISADORA .png","No matching item by name/description"
FRIJOLT.png,"No matching item by name/description"
"FROOT LOOPS.png","No matching item by name/description"
"FRUTA V.png","No matching item by name/description"
FRUTAS.png,"No matching item by name/description"
"FRUTSI SURTIDO.png","No matching item by name/description"
"GALLE FLORENTINA.png","No matching item by name/description"
"GALLE PEKE PAKES.png","No matching item by name/description"
"GALLE SALADA 186.png","No matching item by name/description"
"GALLE TARTALETAS.png","No matching item by name/description"
"GALLETA CANELITA.png","No matching item by name/description"
"GALLETA CHIPS AH.png","No matching item by name/description"
"GALLETA CHOCO.png","No matching item by name/description"
"GALLETA CHOKIS.png","No matching item by name/description"
"GALLETA CRACKETS.png","No matching item by name/description"
"GALLETA EMPERADO.png","No matching item by name/description"
"GALLETA FLORE FR.png","No matching item by name/description"
"GALLETA FLORENTI.png","No matching item by name/description"
"GALLETA HABANERA.png","No matching item by name/description"
"GALLETA MARBU.png","No matching item by name/description"
"GALLETA MARIAS C.png","No matching item by name/description"
"GALLETA MARIAS.png","No matching item by name/description"
"GALLETA OREO SR.png","No matching item by name/description"
"GALLETA PRINCIPE.png","No matching item by name/description"
"GALLETA QUAKER.png","No matching item by name/description"
"GALLETA SALA CJ.png","No matching item by name/description"
"GALLETA SP.png","No matching item by name/description"
"GANSITO MINI CJ.png","No matching item by name/description"
"GARBANZO LATA.png","No matching item by name/description"
"GARBANZO REMOJAD.png","No matching item by name/description"
"GELATINA LIMON.png","No matching item by name/description"
"GELATINA UVA.png","No matching item by name/description"
"GERMEN DE ALFALF.png","No matching item by name/description"
"GERMEN RABANO.png","No matching item by name/description"
GLICERINA.png,"No matching item by name/description"
"GLORIA LT ACEITE.png","No matching item by name/description"
"GLUCOSA MV A GRANEL.png","No matching item by name/description"
"GOMA OSOS.png","No matching item by name/description"
"GOMA XANTΑΝΑ.png","No matching item by name/description"
"GOMITA MANGO.png","No matching item by name/description"
"GRANADA CHINA.png","No matching item by name/description"
"GRANADA DES.png","No matching item by name/description"
GRANADINA.png,"No matching item by name/description"
"HALLO CALABAZA.png","No matching item by name/description"
"HARINA ALMENDRA.png","No matching item by name/description"
"HARINA BTO 25K.png","No matching item by name/description"
"HARINA BTO.png","No matching item by name/description"
"HARINA CENTENO.png","No matching item by name/description"
"HARINA ESPUMA.png","No matching item by name/description"
"HARINA GPE DORAD.png","No matching item by name/description"
"HARINA TALPITA.png","No matching item by name/description"
"HEINEKEN 00.png","No matching item by name/description"
"HERDEZ 200 ELOTE.png","No matching item by name/description"
"HERDEZ CHICHARO.png","No matching item by name/description"
HERLOM.png,"No matching item by name/description"
"HIERBA MATE.png","No matching item by name/description"
"HIGO CRISTALIZAD.png","No matching item by name/description"
"HOJA DE ESTEVIA.png","No matching item by name/description"
"HOJA ENELDO.png","No matching item by name/description"
"HOJA TAMAL PQ.png","No matching item by name/description"
HONDASHI.png,"No matching item by name/description"
"HONGO SHITAKE.png","No matching item by name/description"
"HORCHATA POLVO.png","No matching item by name/description"
"HUEVO ORGANICO.png","No matching item by name/description"
"HUEVO SAN JUAN.png","No matching item by name/description"
"HUITLACOCHE CART.png","No matching item by name/description"
"HUNTS NE SALSA.png","No matching item by name/description"
"INMACULAD HARINA.png","No matching item by name/description"
"JABON ARM & HAMM.png","No matching item by name/description"
"JABON AXION PAST.png","No matching item by name/description"
"JABON CARISMA.png","No matching item by name/description"
"JABON LIQ ROSA V.png","No matching item by name/description"
"JABON LIQ.png","No matching item by name/description"
"JABON LIRIO NEU.png","No matching item by name/description"
"JABON NEUTRO BL.png","No matching item by name/description"
"JALADOR DE P.png","No matching item by name/description"
"JALAPEÑO 380GR.png","No matching item by name/description"
"JALAPEÑO 500G.png","No matching item by name/description"
"JALAPEÑO ENT 2.8.png","No matching item by name/description"
"JAMON ANDA PIERN.png","No matching item by name/description"
"JAMON D.png","No matching item by name/description"
"JAMON PECHUGA PA.png","No matching item by name/description"
"JAMON PIERNA COR.png","No matching item by name/description"
"JAMON ROSS PIERN.png","No matching item by name/description"
"JAMON SELVA NEGR.png","No matching item by name/description"
"JAMON SERR.png","No matching item by name/description"
"JARABE  NAT OASIS (2).png","No matching item by name/description"
"JARABE  NAT OASIS.png","No matching item by name/description"
"JARABE DE TAMA.png","No matching item by name/description"
"JARABE NAT MADRI.png","No matching item by name/description"
"JARRA JENGIBRE ENCURTI.png","No matching item by name/description"
"JENGIBRE FRESCO.png","No matching item by name/description"
"JENGIBRE MOL.png","No matching item by name/description"
"JENGIBRE POLVO.png","No matching item by name/description"
"JITOM BOLA.png","No matching item by name/description"
"JITOM SALAD CAJA.png","No matching item by name/description"
"JITOM SALAD.png","No matching item by name/description"
"JITOMATE CHERR.png","No matching item by name/description"
"JITOMATE CHERRY.png","No matching item by name/description"
"JITOMATE HEIRLOOM.png","No matching item by name/description"
"JUGO CARTON.png","No matching item by name/description"
"JUGO DURAZNO.png","No matching item by name/description"
"JUGO GALON.png","No matching item by name/description"
"JUGO GUAYABA.png","No matching item by name/description"
"JUGO KIRKLAND.png","No matching item by name/description"
"JUGO LIMON NATU.png","No matching item by name/description"
"JUGO PIÑA.png","No matching item by name/description"
"JUGO UNICO NARAN.png","No matching item by name/description"
"JUGO UNICO VDE.png","No matching item by name/description"
"JUGO ZANA NAT.png","No matching item by name/description"
JUGO.png,"No matching item by name/description"
"Jitomate bola.png","No matching item by name/description"
"KAHLUA LICOR CAF.png","No matching item by name/description"
KANIKAMA.png,"No matching item by name/description"
"KIWI CRISTALIZAD.png","No matching item by name/description"
"KIWI DESHIDRA.png","No matching item by name/description"
"KNORR CAL DE POLL.png","No matching item by name/description"
"L ELOTE.png","No matching item by name/description"
"LA SIERRA FRIJOL.png","No matching item by name/description"
"LATEX GUANTES.png","No matching item by name/description"
"LECHE ALME SILK.png","No matching item by name/description"
"LECHE ALMEN ADES.png","No matching item by name/description"
"LECHE ALMEN SILK CJ.png","No matching item by name/description"
"LECHE ALPURA.png","No matching item by name/description"
"LECHE BOLSA CR.png","No matching item by name/description"
"LECHE DESLA LIGH.png","No matching item by name/description"
"LECHE NIDO LATA.png","No matching item by name/description"
"LECHE S. ROJO LT.png","No matching item by name/description"
"LECHE S.ROJO DES.png","No matching item by name/description"
"LECHE SANTA CH.png","No matching item by name/description"
"LECHE SELLO ROJO CJ.png","No matching item by name/description"
"LECHE SOYA ADES.png","No matching item by name/description"
LECHE.png,"No matching item by name/description"
"LECHERA LAT.png","No matching item by name/description"
"LECHES ROJO GA.png","No matching item by name/description"
"LECHUGA EVA.png","No matching item by name/description"
"LECHUGA FRAN EVA.png","No matching item by name/description"
"LECHUGA FRANCESA.png","No matching item by name/description"
"LECHUGA KALE PQ.png","No matching item by name/description"
"LECHUGA ORG ITAL.png","No matching item by name/description"
"LECHUGA R.png","No matching item by name/description"
"LECHUGA ROM CAJA.png","No matching item by name/description"
"LECHUGA SANG CJ.png","No matching item by name/description"
"LECITINA SOYA.png","No matching item by name/description"
"LENTEJA CH 5.png","No matching item by name/description"
"LEVA TRADIPAN.png","No matching item by name/description"
"LEVADURA POLVO.png","No matching item by name/description"
"LICOR D NARA.png","No matching item by name/description"
"LIMON C SEMILLA.png","No matching item by name/description"
"LIMON CRISTALIZA.png","No matching item by name/description"
"LIMON R.png","No matching item by name/description"
"LIMON S SEMILLA.png","No matching item by name/description"
"LINAZA GOLDEN.png","No matching item by name/description"
"LISTON CURLY.png","No matching item by name/description"
"LLECHUGA LARGA CA.png","No matching item by name/description"
"LUCAS GUSANO.png","No matching item by name/description"
"LUNETA COLORES.png","No matching item by name/description"
"LUNETA YOGURT.png","No matching item by name/description"
"MACA POLVO.png","No matching item by name/description"
MACA.png,"No matching item by name/description"
MAGUEY.png,"No matching item by name/description"
"MAICENA KG.png","No matching item by name/description"
"MAIZ CANCHA.png","No matching item by name/description"
"MAIZ MORADO.png","No matching item by name/description"
"MAIZ POZOL BCO.png","No matching item by name/description"
"MAIZ PRECOCIDO.png","No matching item by name/description"
"MAIZ QUEBRADO.png","No matching item by name/description"
"MAIZENA SOBRE.png","No matching item by name/description"
"MANDARINA SIN SE.png","No matching item by name/description"
"MANGO B.png","No matching item by name/description"
"MANGO C.png","No matching item by name/description"
"MANGO C_CHILE.png","No matching item by name/description"
"MANGO DESHIDRATA.png","No matching item by name/description"
"MANGO L.png","No matching item by name/description"
"MANGO PETACON.png","No matching item by name/description"
"MANTE EUGENIA 90.png","No matching item by name/description"
"MANTE FLEX.png","No matching item by name/description"
"MANTE GLORIA KG.png","No matching item by name/description"
"MANTE GLORIA VDE.png","No matching item by name/description"
"MANTE REPOSTERA.png","No matching item by name/description"
"MANTECA  INCA.png","No matching item by name/description"
"MANTECA C.png","No matching item by name/description"
"MANTECA K.png","No matching item by name/description"
"MANTEQUILLA BELE.png","No matching item by name/description"
"MANTEQUILLA BLIS.png","No matching item by name/description"
"MANTEQUILLA DEYS.png","No matching item by name/description"
"MANTEQUILLA EUGE.png","No matching item by name/description"
"MANTEQUILLA LALA.png","No matching item by name/description"
"MANZANA DESHI.png","No matching item by name/description"
"MANZANA GOLD CJ.png","No matching item by name/description"
"MANZANA V.png","No matching item by name/description"
"MANZANITA SOL.png","No matching item by name/description"
"MARCADOR CJ.png","No matching item by name/description"
"MARUCHAN HABA.png","No matching item by name/description"
"MASECA AZUL.png","No matching item by name/description"
"MATE SOBRE COFFE.png","No matching item by name/description"
"MAYO HEINZ PORC.png","No matching item by name/description"
"MAYO HEINZ POUCH.png","No matching item by name/description"
"MAYONESA 390GR.png","No matching item by name/description"
"MAYONESA CUBETA.png","No matching item by name/description"
"MAYONESA GALON.png","No matching item by name/description"
"MAYONESA HEINZ 3KG.png","No matching item by name/description"
"MAYONESA KG.png","No matching item by name/description"
"MAYONESA MCR.png","No matching item by name/description"
"MAZAPAN SAZUCAR.png","No matching item by name/description"
"MAZAPAN S_AZUCAR.png","No matching item by name/description"
"MEDALLON ATUN PQ.png","No matching item by name/description"
"MERMELADA CHAB.png","No matching item by name/description"
"MERMELADA CUBETA.png","No matching item by name/description"
"MERMELADA FRE.png","No matching item by name/description"
"MERMELADA NARAN.png","No matching item by name/description"
"MERMELADA PIÑA.png","No matching item by name/description"
"MEZCLA CALI.png","No matching item by name/description"
"MEZCLA D LA CASA MICHELOB.png","No matching item by name/description"
"MICRODYN CH.png","No matching item by name/description"
"MIEL ABEJA.png","No matching item by name/description"
"MIEL AGAVE.png","No matching item by name/description"
"MIEL AZAHAR.png","No matching item by name/description"
"MIEL PURA 1KG.png","No matching item by name/description"
"MIGUELITO LIQUIDO.png","No matching item by name/description"
"MILANESA DE POLL.png","No matching item by name/description"
"MILANESA EMPANIZADA.png","No matching item by name/description"
"MINI BUBULUBU.png","No matching item by name/description"
"MINI CHUPS.png","No matching item by name/description"
"MINI PELON.png","No matching item by name/description"
"MINI SNICKERS.png","No matching item by name/description"
MIRIN.png,"No matching item by name/description"
"MIRINDA LATA.png","No matching item by name/description"
"MODELO ESPECIAL.png","No matching item by name/description"
"MODELO LAT NEGRA.png","No matching item by name/description"
"MODELO LATA.png","No matching item by name/description"
"MOLDE GELA 17.png","No matching item by name/description"
"MOLE ALMENDRADO.png","No matching item by name/description"
"MOLE CUBETA.png","No matching item by name/description"
"MOLE FCO 125G.png","No matching item by name/description"
"MOLE P.png","No matching item by name/description"
"MOLIDA MIΧΤΑ.png","No matching item by name/description"
"MORRON AMA CJ.png","No matching item by name/description"
"MORRON N.png","No matching item by name/description"
"MORRON NARAN CJ.png","No matching item by name/description"
"MORRON VERDE CJ.png","No matching item by name/description"
MORTADELA.png,"No matching item by name/description"
"MOSTA DIJON 865.png","No matching item by name/description"
"MOSTA HEINZ PORC.png","No matching item by name/description"
"MOSTACERO CH.png","No matching item by name/description"
"MOSTAZA D 430.png","No matching item by name/description"
"MOSTAZA HEINZ.png","No matching item by name/description"
"MOSTAZA MAILLE.png","No matching item by name/description"
"MOSTAZA PORC.png","No matching item by name/description"
"MOZZARELLA BON.png","No matching item by name/description"
"MUSLO POLLO.png","No matching item by name/description"
"NACHOS CAREY BOL.png","No matching item by name/description"
"NACHOS JALAPEÑO.png","No matching item by name/description"
"NARA VDE VALLE.png","No matching item by name/description"
"NARANJA CRISTALI.png","No matching item by name/description"
"NARANJA S_S.png","No matching item by name/description"
NARANJA.png,"No matching item by name/description"
"NEGRA MODELO.png","No matching item by name/description"
"NESCAFE CLAS 1KG.png","No matching item by name/description"
"NESCAFE LATA.png","No matching item by name/description"
"NIEVE LIMON.png","No matching item by name/description"
NIEVE.png,"No matching item by name/description"
"NUEZ C.png","No matching item by name/description"
"NUEZ GARAPIÑADA.png","No matching item by name/description"
"NUEZ INDIA S_SAL.png","No matching item by name/description"
NUGGETS.png,"No matching item by name/description"
"NUTELLA 1KG.png","No matching item by name/description"
"NUTELLA 350GR.png","No matching item by name/description"
"NUTELLA 750GR.png","No matching item by name/description"
"OREGANO MOLIDO.png","No matching item by name/description"
"ORGANICO EDAMAME.png","No matching item by name/description"
"PACHOLA RES.png","No matching item by name/description"
PACHOLAS.png,"No matching item by name/description"
"PACIFICO 1_4.png","No matching item by name/description"
"PACIFICO DE 1_2.png","No matching item by name/description"
"PACIFICO LATA.png","No matching item by name/description"
"PACIFICO SUAVE.png","No matching item by name/description"
"PALETA DE CORAZON.png","No matching item by name/description"
"PALETA SANDI.png","No matching item by name/description"
"PALETA TARRITO.png","No matching item by name/description"
"PALILLO BROCH 15.png","No matching item by name/description"
"PALILLO BROCH 20.png","No matching item by name/description"
"PALILLO BROCH 30.png","No matching item by name/description"
"PALILLO ESTUCHAD.png","No matching item by name/description"
"PALILLO NUDO BAM.png","No matching item by name/description"
"PALILLOS CUALPA.png","No matching item by name/description"
"PALITOS B.png","No matching item by name/description"
"PALO MADERA ELO.png","No matching item by name/description"
"PALO P_PIÑAΤΑ.png","No matching item by name/description"
"PAN BIMBO INT.png","No matching item by name/description"
"PAN DE CAJA.png","No matching item by name/description"
"PAN DOBLE 0 S_HA.png","No matching item by name/description"
"PAN H.png","No matching item by name/description"
"PAN HOT.png","No matching item by name/description"
"PAN MULTIGRANO.png","No matching item by name/description"
"PAN OROWEAT.png","No matching item by name/description"
"PAN PARRILLERO.png","No matching item by name/description"
"PAN THINS 00.png","No matching item by name/description"
"PANCETA CERDO.png","No matching item by name/description"
"PANELA BAJA GRAS.png","No matching item by name/description"
"PANELA NAVARRO.png","No matching item by name/description"
"PAPA C.png","No matching item by name/description"
"PAPA F.png","No matching item by name/description"
"PAPA GAJO.png","No matching item by name/description"
PAPA.png,"No matching item by name/description"
"PAPAYA MARADOL.png","No matching item by name/description"
"PAPEL ALUMI GDE.png","No matching item by name/description"
"PAPEL ARROZ.png","No matching item by name/description"
"PAPEL ATRAPAMOSC.png","No matching item by name/description"
"PAPEL BIG.png","No matching item by name/description"
"PAPEL CUADROS.png","No matching item by name/description"
"PAPEL ENC.png","No matching item by name/description"
"PAPEL EST.png","No matching item by name/description"
"PAPRIKA MOLIDA.png","No matching item by name/description"
"PASTA C.png","No matching item by name/description"
"PASTA CARACOL.png","No matching item by name/description"
"PASTA CODO #4.png","No matching item by name/description"
"PASTA DE PALITO.png","No matching item by name/description"
"PASTA DENTAL.png","No matching item by name/description"
"PASTA FIDEO.png","No matching item by name/description"
"PASTA FILLO.png","No matching item by name/description"
"PASTA FUSILLI.png","No matching item by name/description"
"PASTA ITALIANA.png","No matching item by name/description"
"PASTA LASAGNE.png","No matching item by name/description"
"PASTA M.png","No matching item by name/description"
"PASTA MACARRON.png","No matching item by name/description"
"PASTA MORITA.png","No matching item by name/description"
"PASTA PENNE.png","No matching item by name/description"
"PASTA PLUMA.png","No matching item by name/description"
"PASTA SPAGUETTI.png","No matching item by name/description"
"PASTA TORNILLO.png","No matching item by name/description"
PASTA_CJA.png,"No matching item by name/description"
"PASTILLAS MICHEL.png","No matching item by name/description"
"PATAS CERDO.png","No matching item by name/description"
"PAVO SAN PECHUGA.png","No matching item by name/description"
"PECHUGA POLLO C.png","No matching item by name/description"
"PECHUGA POLLO S.png","No matching item by name/description"
"PECTINA CITRICA.png","No matching item by name/description"
PELLISCO.png,"No matching item by name/description"
"PELON PELORICO.png","No matching item by name/description"
"PEPINO AMERICANO.png","No matching item by name/description"
"PEPINO CRIOLLO.png","No matching item by name/description"
"PEPITA DE CALABA.png","No matching item by name/description"
"PEPSI SURTIDA.png","No matching item by name/description"
"PERA D_ANJOU.png","No matching item by name/description"
"PEREJIL SECO.png","No matching item by name/description"
"PEÑAFIEL MINE 21.png","No matching item by name/description"
"PIEDRA P AFILAR.png","No matching item by name/description"
"PIERNA POLLO.png","No matching item by name/description"
"PIERNA Y MUSLO.png","No matching item by name/description"
"PILAS AAA.png","No matching item by name/description"
"PILONCILLO MOREN.png","No matching item by name/description"
"PIMIENTA BLANCA.png","No matching item by name/description"
"PIMIENTA BOLA.png","No matching item by name/description"
"PIMIENTA CAYE M.png","No matching item by name/description"
"PIMIENTA CAYE.png","No matching item by name/description"
"PIMIENTA LIMON K.png","No matching item by name/description"
"PIMIENTA LIMON.png","No matching item by name/description"
"PIMIENTA NGA ENT.png","No matching item by name/description"
"PIMIENTA NGA MOL.png","No matching item by name/description"
"PIMIENTA ROSA.png","No matching item by name/description"
"PIMIENTO MOR AMA.png","No matching item by name/description"
"PIMIENTO MOR NAR.png","No matching item by name/description"
"PIMIENTO MOR RO.png","No matching item by name/description"
"PIMIENTO MOR VER.png","No matching item by name/description"
"PIMIENTON BOLA.png","No matching item by name/description"
"PINON B.png","No matching item by name/description"
PINZA.png,"No matching item by name/description"
"PIQUIN SEC CHILE.png","No matching item by name/description"
"PISTACHE PELADO.png","No matching item by name/description"
"PIÑA  MIEL.png","No matching item by name/description"
"PIÑA A.png","No matching item by name/description"
"PIÑA DESHIDRA.png","No matching item by name/description"
"PIÑA M.png","No matching item by name/description"
"PLATANO CJ.png","No matching item by name/description"
"PLATANO MACHO.png","No matching item by name/description"
"PLATANO ROATAN.png","No matching item by name/description"
"PLATANO TAB CJ.png","No matching item by name/description"
"PLATANO TABASCO.png","No matching item by name/description"
"PLATO CARTON #3.png","No matching item by name/description"
"PLATO DE CARTON.png","No matching item by name/description"
"PLATO HONDO PH 8.png","No matching item by name/description"
"PLATO POSTRE 20CM.png","No matching item by name/description"
"POBLANO CONGELADO PQ.png","No matching item by name/description"
"POBLANO RAJAS CO.png","No matching item by name/description"
POLIPAPEL.png,"No matching item by name/description"
"PORK BELLY.png","No matching item by name/description"
"PORO MANOJO.png","No matching item by name/description"
"PRETZEL HORNEADO.png","No matching item by name/description"
"PRODUCTOS DE CONFITERIA.png","No matching item by name/description"
"PROVEN ENSALADA.png","No matching item by name/description"
"PULPA MANGO MARACUYA.png","No matching item by name/description"
"PULPA MARACUYA.png","No matching item by name/description"
PULPARINDO.png,"No matching item by name/description"
"PURE MANZANA LATA.png","No matching item by name/description"
"P_FREIR P_HAMB KG.png","No matching item by name/description"
"QUESO A N PZ.png","No matching item by name/description"
"QUESO ADOBE RAY.png","No matching item by name/description"
"QUESO AM.png","No matching item by name/description"
"QUESO AMA PQ.png","No matching item by name/description"
"QUESO ASADERO.png","No matching item by name/description"
"QUESO BRIE.png","No matching item by name/description"
"QUESO BURRATA.png","No matching item by name/description"
"QUESO C.png","No matching item by name/description"
"QUESO D PUERCO.png","No matching item by name/description"
"QUESO D.png","No matching item by name/description"
"QUESO Dc.png","No matching item by name/description"
"QUESO F.png","No matching item by name/description"
"QUESO FETA.png","No matching item by name/description"
"QUESO MANCH.png","No matching item by name/description"
"QUESO MANCHE 400.png","No matching item by name/description"
"QUESO MAS.png","No matching item by name/description"
"QUESO MOLIDO NAVA.png","No matching item by name/description"
"QUESO MOZ.png","No matching item by name/description"
"QUESO O.png","No matching item by name/description"
"QUESO PANELA.png","No matching item by name/description"
"QUESO PARME.png","No matching item by name/description"
"QUESO PHILADEL.png","No matching item by name/description"
"QUESO PHILADELPH.png","No matching item by name/description"
"QUESO PROVOLETA.png","No matching item by name/description"
"QUESO R.png","No matching item by name/description"
"QUESO SANDRITA.png","No matching item by name/description"
"QUESO TOFU.png","No matching item by name/description"
"QUINOA VDE VALLE.png","No matching item by name/description"
"QUIONA PQ.png","No matching item by name/description"
"Queso fresco.png","No matching item by name/description"
RABADILLA.png,"No matching item by name/description"
"RABANO SANDIA.png","No matching item by name/description"
RAFIA.png,"No matching item by name/description"
"RAID CASA Y JARD.png","No matching item by name/description"
"RAID MAX.png","No matching item by name/description"
RANCHERITOS.png,"No matching item by name/description"
RATIDEL.png,"No matching item by name/description"
RECOGEDOR.png,"No matching item by name/description"
"RED CHILLI.png","No matching item by name/description"
REGALIZ.png,"No matching item by name/description"
"REVOLTURA P_PAJARO.png","No matching item by name/description"
REXAL.png,"No matching item by name/description"
"RICE CAKES QUINO.png","No matching item by name/description"
RIELITOS.png,"No matching item by name/description"
"ROLLO M.png","No matching item by name/description"
"ROMERO SECO.png","No matching item by name/description"
"ROMERO TERCIO.png","No matching item by name/description"
"ROSCA D NUEZ.png","No matching item by name/description"
"ROYAL BOTE.png","No matching item by name/description"
"RUFFLES QUESO.png","No matching item by name/description"
SACUDIDOR.png,"No matching item by name/description"
"SAL AJO PEREJIL.png","No matching item by name/description"
"SAL C.png","No matching item by name/description"
"SAL COLIMA 50KG.png","No matching item by name/description"
"SAL NEGRA.png","No matching item by name/description"
"SAL PEGASO MOL.png","No matching item by name/description"
"SALADA PORC 42PQ.png","No matching item by name/description"
"SALADET 3ERA CJ.png","No matching item by name/description"
"SALCHICHA PAVO K.png","No matching item by name/description"
"SALCHICHA PIASAR.png","No matching item by name/description"
"SALSA AGRIDULCE.png","No matching item by name/description"
"SALSA ANGUILA.png","No matching item by name/description"
"SALSA B.png","No matching item by name/description"
"SALSA C P.png","No matching item by name/description"
"SALSA C.png","No matching item by name/description"
"SALSA CACAHUATE.png","No matching item by name/description"
"SALSA CHAΜΟΥ 1.5.png","No matching item by name/description"
"SALSA CHILTEPIC.png","No matching item by name/description"
"SALSA CHIMI.png","No matching item by name/description"
"SALSA CHOLULA.png","No matching item by name/description"
"SALSA COSTA 1LT.png","No matching item by name/description"
"SALSA ENCINO.png","No matching item by name/description"
"SALSA G.png","No matching item by name/description"
"SALSA H.png","No matching item by name/description"
"SALSA HABANERA.png","No matching item by name/description"
"SALSA HOISIN.png","No matching item by name/description"
"SALSA INGLE 1.9.png","No matching item by name/description"
"SALSA INGLE 980.png","No matching item by name/description"
"SALSA OELEK.png","No matching item by name/description"
"SALSA OSTION.png","No matching item by name/description"
"SALSA PESTO.png","No matching item by name/description"
"SALSA PORKE.png","No matching item by name/description"
"SALSA PREGO.png","No matching item by name/description"
"SALSA RED HOT.png","No matching item by name/description"
"SALSA ROJA FCO.png","No matching item by name/description"
"SALSA S.png","No matching item by name/description"
"SALSA SAMBAL.png","No matching item by name/description"
"SOPA KNORR PZ.png","No matching item by name/description"
"SOYA T.png","No matching item by name/description"
"SPECIAL K.png","No matching item by name/description"
"SPRING MIX.png","No matching item by name/description"
"SPRITE LATA.png","No matching item by name/description"
"SPRITE S_AZUCAR.png","No matching item by name/description"
"SQUIRT LIGHT LAT.png","No matching item by name/description"
STELLA.png,"No matching item by name/description"
"STEVIA SOBRES.png","No matching item by name/description"
"SUAVITEL 3LT.png","No matching item by name/description"
"SUSTITUTO CREMA.png","No matching item by name/description"
SVETIA.png,"No matching item by name/description"
"T. HARINA CRUDA.png","No matching item by name/description"
"TAMARINDO CONCEN.png","No matching item by name/description"
"TAMARINDO PELADO.png","No matching item by name/description"
"TANG FRESA.png","No matching item by name/description"
"TANG LIMON.png","No matching item by name/description"
"TANG NARANJA.png","No matching item by name/description"
TAP.png,"No matching item by name/description"
"TAPA 7A.png","No matching item by name/description"
"TAPA CRISTAL 16.png","No matching item by name/description"
"TAPA PL2.png","No matching item by name/description"
"TAPA REYMA P_ENVASE DE 1L.png","No matching item by name/description"
"TAPA TERMICA #10.png","No matching item by name/description"
"TAPA TERMICA #6.png","No matching item by name/description"
"TAPA TERMICA #8.png","No matching item by name/description"
"TARO LIQ.png","No matching item by name/description"
"TARRO CONSERVA.png","No matching item by name/description"
"TE BLANCO.png","No matching item by name/description"
"TE CHAI.png","No matching item by name/description"
"TE COLA CABALLO.png","No matching item by name/description"
"TE DE HOJA.png","No matching item by name/description"
"TE LIMON MJO.png","No matching item by name/description"
"TE MANZANILLA MC CORMICK.png","No matching item by name/description"
"TE MATCHA.png","No matching item by name/description"
"TE NATURES HEART.png","No matching item by name/description"
"TE NEGRO KG.png","No matching item by name/description"
"TE VDE MC.png","No matching item by name/description"
"TE VERDE KG.png","No matching item by name/description"
"TE VERDE.png","No matching item by name/description"
"TE VITTE GDE.png","No matching item by name/description"
TEMPURA.png,"No matching item by name/description"
"TENEDOR ALCATRAZ.png","No matching item by name/description"
"TENEDOR BIO GDE.png","No matching item by name/description"
"TENEDOR NEGRO.png","No matching item by name/description"
THINNER.png,"No matching item by name/description"
"THINS MULTIGRANO.png","No matching item by name/description"
"TIJERA DESMONTABLE.png","No matching item by name/description"
"TIN LARIN.png","No matching item by name/description"
"TOALLA CAFE.png","No matching item by name/description"
"TOALLA MICRO.png","No matching item by name/description"
TOCINETA.png,"No matching item by name/description"
"TOCINO PQ.png","No matching item by name/description"
"TOMATE DESH.png","No matching item by name/description"
"TOMATE DESHIDRA.png","No matching item by name/description"
"TOMATE VERDE.png","No matching item by name/description"
"TOMILLO MOLIDO.png","No matching item by name/description"
"TORTA DE PAΡΑ.png","No matching item by name/description"
"TORTILLA H.png","No matching item by name/description"
"TORTILLA MISION.png","No matching item by name/description"
"TORTILLA P_TACO.png","No matching item by name/description"
TORTILLINA.png,"No matching item by name/description"
"TOSTADA DESHIDRA.png","No matching item by name/description"
"TOSTADAS SALMAS.png","No matching item by name/description"
"VAINAS V.png","No matching item by name/description"
"VAINILLA GAL.png","No matching item by name/description"
"VAINILLA MOLINA.png","No matching item by name/description"
"VAINILLA VERA.png","No matching item by name/description"
VAPORERA.png,"No matching item by name/description"
"VEL ROSITA.png","No matching item by name/description"
VELA.png,"No matching item by name/description"
"VELADORA REPUEST.png","No matching item by name/description"
"VICTORIA 210ML.png","No matching item by name/description"
"VICTORIA D 1_2.png","No matching item by name/description"
"VINA MANZA 1_2LT.png","No matching item by name/description"
"VINAGRE ARR.png","No matching item by name/description"
"VINAGRE BAL 250G.png","No matching item by name/description"
"VINAGRE BALSA 1L.png","No matching item by name/description"
"VINAGRE BALSA.png","No matching item by name/description"
"VINAGRE D VINO T .png","No matching item by name/description"
"VINAGRE D VINO.png","No matching item by name/description"
"WHISKEY JACK.png","No matching item by name/description"
"WINDEX VIDRIOS.png","No matching item by name/description"
WONTON.png,"No matching item by name/description"
"ZANA BABY COLOR.png","No matching item by name/description"
"ZANAHO POLVO ARP.png","No matching item by name/description"
"ZANAHOR LEÑA ARP.png","No matching item by name/description"
ZUCARITAS.png,"No matching item by name/description"
"ΜΑΙΖΕΝΑ 750GR.png","No matching item by name/description"
"ΡΕΡΙΝΟ Β.png","No matching item by name/description"
