file,matched_item_id,score
"ACEITE AJONJOLI T.png",484,0.66666666666667
"ACEITE CRISTAL 1.png",487,0.66666666666667
"ACEITE DE OLIVA G.png",492,0.66666666666667
"ACEITE OLIVA CAR.png",492,0.66666666666667
"ACEITE OLIVA GAL.png",492,0.66666666666667
"ACEITE UVA.png",497,0.66666666666667
"ACHIOTE 100GR.png",8,0.66666666666667
"ALMENDRA FILE.png",524,0.66666666666667
"ALPURA CREMA.png",188,0.66666666666667
"AZUCAR GLASS 5K.png",538,0.66666666666667
"AZUCAR MOSCABADO GENUINO.png",540,0.66666666666667
"BOLA CHORIZO.png",680,0.66666666666667
"BOLA CJ CALABAZA.png",587,0.66666666666667
"BROCOLI FLORETE (2).png",570,0.66666666666667
"BROCOLI FLORETE.png",570,0.66666666666667
"CACAHUATE CHILE.png",92,0.66666666666667
"CAFE GOURMET.png",579,0.66666666666667
"CAFE MARINO.png",580,0.66666666666667
"CALABAZA BOLA.png",101,0.66666666666667
"CANELA VARA.png",108,0.66666666666667
"CATSUP HEINZ 397.png",605,0.66666666666667
"CATSUP HEINZ.png",605,0.66666666666667
"CEB CAMBRAY RABO.png",120,0.66666666666667
"CEBOLLA CAMBRAY.png",1188,0.66666666666667
"CHAMPIÑON CREMINI.png",632,0.66666666666667
"CHEDAR KIR QUESO.png",1166,0.66666666666667
"CHILE ANCHO MOL.png",643,0.66666666666667
"CHILE ARBOL MOL.png",644,0.66666666666667
"CHILE ARBOL TOST.png",644,0.66666666666667
"CHILE ARBOL VERD.png",644,0.66666666666667
"CHILE MANZANO.png",143,0.66666666666667
"CHILE PIQUIN.png",653,0.66666666666667
"CHILE SERRANO LA.png",655,0.66666666666667
"CHILE SERRANO.png",655,0.66666666666667
"CHILE TAJIN.png",658,0.66666666666667
"CHORIZO LA CHATA.png",152,0.66666666666667
"CILANTRO KG.png",437,0.66666666666667
"COCOA HERSHEY PZ.png",701,0.66666666666667
"COL BLANCO.png",170,0.66666666666667
"COL MORADO.png",704,0.66666666666667
"CONSOME B CAMARON.png",714,0.66666666666667
"CONTEN 8 X 8 S_D.png",718,0.6
"COSTA 15 SALSA.png",1228,0.66666666666667
"COTIJA QUESO.png",1170,0.66666666666667
"CREMA LALA.png",731,0.66666666666667
"CREMA TOP CREAM.png",1294,0.66666666666667
"CRISTAL 5 ACEITE.png",487,0.66666666666667
"CUCHARA BIO GDE.png",737,0.66666666666667
"CUCHILLO BIO GDE.png",738,0.66666666666667
"CURCUMA EN POLVO.png",741,0.66666666666667
"Chile yahualica.png",647,0.66666666666667
"EJOTE FRANCES.png",210,0.66666666666667
"ELOTE 220GR.png",755,0.66666666666667
"ENELDO POLVO.png",756,0.66666666666667
"ESPINACA BABY PQ.png",231,0.66666666666667
"FLOR DE SAL FLORES.png",239,0.66666666666667
"FRIJOL NEGRO VDE.png",787,0.66666666666667
"FRIJOL PERUANO 500.png",244,0.66666666666667
"FRIJOL PERUANO.png",244,0.66666666666667
"FRITURA TRIGO.png",793,0.66666666666667
"GALLETA OREO.png",249,0.66666666666667
"GALLETA SALADA.png",247,0.66666666666667
"GALLETA SURTIDO.png",802,0.66666666666667
"GRENETINA 250GR (2).png",817,0.66666666666667
"GRENETINA 250GR.png",817,0.66666666666667
"GRENETINA DUCHE.png",817,0.66666666666667
"HIERBAS FINAS KG.png",829,0.66666666666667
"HOJA DE AGUACATE.png",276,0.66666666666667
"HOT HARINA.png",268,0.66666666666667
"JABON ZOTE BCO.png",850,0.66666666666667
"JABON ZOTE ROSA.png",850,0.66666666666667
"JALAPEÑO RAJAS 8GR.png",853,0.66666666666667
"JAMON PAVO FUD.png",293,0.66666666666667
"JARABE MADRILEÑA.png",859,0.66666666666667
"JUGO NARANJA.png",306,0.66666666666667
"KNORR CAMARON.png",897,0.66666666666667
"KNORR COSTILLA.png",896,0.66666666666667
"KNORR SUIZA 13KG.png",898,0.66666666666667
"LECHE CLAVEL LIT.png",901,0.66666666666667
"LECHE LALA CJ.png",899,0.66666666666667
"LECHE LALA LT.png",309,0.66666666666667
"LECHUGA ITALIANA EVA.png",915,0.66666666666667
"LECHUGA KALE.png",916,0.66666666666667
"MANGO CJ.png",944,0.66666666666667
"MANZANA GALA.png",340,0.66666666666667
"MANZANA GOLDEN.png",960,0.66666666666667
"MANZANA ROJA.png",961,0.66666666666667
"MIEL MAPLE HEINZ.png",353,0.66666666666667
"MIEL MAPLE PORC.png",353,0.66666666666667
"MOLIDA RES 80_20.png",604,0.66666666666667
"MOSTAZA ANTIGUA.png",1011,0.66666666666667
"NABO LEÑA.png",362,0.66666666666667
"NESCAFE CLASICO.png",1024,0.66666666666667
"NOPAL PICADO.png",1031,0.66666666666667
"NUEZ CASTILLA PE.png",366,0.66666666666667
"NUEZ MOSCADA MOL.png",1036,0.66666666666667
"PALOMITAS EXTRA.png",1050,0.66666666666667
"PAN MOLIDO 5K.png",1054,0.66666666666667
"PANELA LALA 1K.png",1060,0.66666666666667
"PANELA LALA 200G.png",1060,0.66666666666667
"PANELA LALA 400G.png",1060,0.66666666666667
"PANELA LALA LIGH.png",1060,0.66666666666667
"PAPA P_DORAR EXT.png",1074,0.6
"PAPAS FRITAS C.png",1075,0.66666666666667
"PAPITA CAMB ROJA.png",386,0.66666666666667
"PECHUGA PAVO.png",1093,0.66666666666667
"PEREJIL CHINO.png",1116,0.66666666666667
"PEREJIL LISO.png",1117,0.66666666666667
"PEÑAFIEL MINERAL.png",1096,0.66666666666667
"PIMIENTA NEGRA.png",1132,0.66666666666667
"PURE PAPA.png",421,0.66666666666667
"PURE TOMATE CH.png",1163,0.66666666666667
"Pulpa ciruela amarilla.png",158,0.66666666666667
"QUESO PARMESANO.png",1181,0.66666666666667
"Queso fundir.png",1179,0.66666666666667
"RABANO CAMBRAY.png",424,0.66666666666667
"RABANO LARGO.png",1186,0.66666666666667
"RABO CEBOLLA.png",613,0.66666666666667
"ROMA 10K JABON.png",845,0.66666666666667
"ROMA 5K  JABON.png",845,0.66666666666667
"ROMA CJ JABON.png",845,0.66666666666667
"SAL COLIMA.png",1201,0.66666666666667
"SAL FINA 25KG.png",1208,0.66666666666667
"SAL FINA BOTE.png",1208,0.66666666666667
"SAL GRANO.png",431,0.66666666666667
"SAL HIMALAYA NEG.png",1212,0.66666666666667
"SALCHICHA PAVO.png",1216,0.66666666666667
"SALSA BBQ 4KG.png",1222,0.66666666666667
"SALSA CATSUP LTO.png",1223,0.66666666666667
"SALSA HUICHOL GA.png",1231,0.66666666666667
"SALSA INGLESA.png",1233,0.66666666666667
"TAPA 17 BOSCO TAPA 2 OZ.png",1269,0.66666666666667
"TAPA D 1LT TERMICA.png",1270,0.6
"TAPA VASO 1_2LTO TERMICO.png",1271,0.6
"TOMATE PELADO.png",460,0.66666666666667
"TOSTADA CHARRA.png",1305,0.66666666666667
"TOTOPO TOTOFAST.png",1311,0.66666666666667
"Tomate milpero.png",460,0.66666666666667
"V8 JUGO.png",891,0.66666666666667
"ZANAHORIA LEÑA.png",1359,0.66666666666667
"Zanahoria mediana.png",1362,0.66666666666667
